<?xml version="1.1.0" encoding="UTF-8" standalone="yes"?>
<addon id="resource.images.moviegenreicons.transparent" name="Movie Genre Icons - Transparent" version="1.1.0" provider-name="lesalkodiques">
	<extension point="kodi.resource.images" compile="false" type="moviegenreicons" />
	<requires>
		<import addon="kodi.resource" version="1.1.0"/>
	</requires>
	<extension point="xbmc.addon.metadata">
		<summary lang="en">Transparent Movie Genre Icons</summary>
		<summary lang="fr">Icones de genres transparents</summary>
		<description lang="en">Movie genre icons transparent backgroung</description>
		<description lang="fr">Icones de genres multilingue pour kodi</description>
		<platform>all</platform>
		<assets>
            <icon>icon.png</icon>
        </assets>
	</extension>
</addon>
