<?xml version="1.0" encoding="UTF-8" standalone="yes"?>
<addon id="repository.lesalkodiques" name="repository.lesalkodiques" version="1.0" provider-name="lesalkodiques">
    <extension point="xbmc.addon.repository" name="alkodepot">
        <dir>
            <info compressed="false">https://raw.githubusercontent.com/lesalkodiques/repository.lesalkodiques/main/repo/zips/addons.xml</info>
            <checksum>https://raw.githubusercontent.com/lesalkodiques/repo/main/repository.lesalkodiques/zips/addons.xml.md5</checksum>
            <datadir zip="true">https://raw.githubusercontent.com/lesalkodiques/repository.lesalkodiques/main/repo/zips/</datadir>
        </dir>
    </extension>
    <extension point="xbmc.addon.metadata">
        <summary>repository.lesalkodiques</summary>
        <description>Dépôt communauté les alKODIques</description>
        <disclaimer></disclaimer>
        <platform>all</platform>
        <assets>
            <icon>icon.png</icon>
            <fanart>fanart.jpg</fanart>
        </assets>
    </extension>
</addon>