<?xml version="1.0" encoding="UTF-8"?>
<addons>
<addon id="plugin.program.opendevtools" name="OpenDevTools" version="1.4.3" provider-name="drinfernoo">
	<requires>
		<import addon="script.module.dateutil"/>
		<import addon="script.module.requests"/>
	</requires>
	<extension point="xbmc.python.script" library="default.py">
		<provides>executable</provides>
	</extension>
	<extension point="xbmc.addon.metadata">
		<language/>
		<summary lang="en">Ease of access for Devs and Testers</summary>
		<description lang="en">Provides ease of access tools for Devs and Testers</description>
		<platform>all</platform>
		<license>GNU GENERAL PUBLIC LICENSE Version 2, June 1991</license>
		<assets>
			<icon>icon.png</icon>
			<fanart>fanart.png</fanart>
		</assets>
		<news>
1.4.3
 - Add OpenDevTools as bundled repository
1.4.2
 - Add bare log uploading without authorization or issue
1.4.1
 - Fix skin installs
 - Use regional time formatting
 - Fix time formatting on Android (all platforms?)
1.4.0
 - Change format of raised issues
 - More comprehensive XML checking
 - More intelligent profile reloads
 - More intelligent enabling/disabling of updated add-ons
 - Fix clearing temp files
 - Show add-on type(s) before install
 - Show repository name as well as add-on name
1.3.0
 - Fix repo listings
 - Minimize profile reloads
1.2.0
 - List repos by user
 - Better enabling of addons after install
 - Fix timestamps with correct time zone
1.1.0
 - Add string localization
 - Add support for multiple repositories containing the same add-on
 - Offer to update add-on after adding
1.0.3
 - Better formatting for timestamps
1.0.2
 - Fix for existing folders
1.0.1
 - Some performance fixes
1.0.0
 - Initial Release
		</news>
	</extension>
</addon>

<addon id="repository.opendevtools" name="OpenDevTools Repository" version="1.0" provider-name="drinfernoo">
    <extension point="xbmc.addon.repository" name="OpenDevTools Repository">
        <dir>
            <info compressed="false">https://raw.githubusercontent.com/drinfernoo/repository.opendevtools/master/zips/addons.xml</info>
            <checksum>https://raw.githubusercontent.com/drinfernoo/repository.opendevtools/master/zips/addons.xml.md5</checksum>
            <datadir zip="true">https://raw.githubusercontent.com/drinfernoo/repository.opendevtools/master/zips/</datadir>
        </dir>
    </extension>
    <extension point="xbmc.addon.metadata">
        <summary>The official home of OpenDevTools</summary>
        <description></description>
        <disclaimer></disclaimer>
        <platform>all</platform>
        <assets>
            <icon>icon.png</icon>
            <fanart>fanart.png</fanart>
        </assets>
    </extension>
</addon>
</addons>
