{
  "name": "Pastebin",
  "plugin": "plugin.video.vstream",
  "priority": 100,
  "is_resolvable": "true",
  "assert": {
    "play_movie": ["tmdb", "title"],
    "play_episode": ["tmdb", "showname", "season", "episode"],
    "search_movie": ["title"],
    "search_episode": ["showname"]
  },

  "play_movie": [
    "plugin://plugin.video.vstream/?site=pastebin&function=showMovieTmdb&idTMDB={tmdb}&sTmdbId={tmdb}&sMovieTitle={title_url}&sTitle={title_url}&sYear={year}&sThumb={poster_url}&sCat=1",
    { "dialog": "auto" }
  ],

  "play_episode": [
    "plugin://plugin.video.vstream/?site=pastebin&function=showEpisodeTmdb&idTMDB={tmdb}&sTmdbId={tmdb}&sMovieTitle={clearname_url}&sTitle={showname_url}&sSaison={season}&sEpisode={episode}&sYear={year}&sCat=8",
    { "dialog": "auto" }
  ],

  "search_movie": [
    "plugin://plugin.video.vstream/?site=pastebin&function=showMovies&siteUrl=pastebin%26sMedia%3dfilm%26bSilent%3dTrue%26sSearch%3d{title}",
    { "dialog": "auto" }
  ],

  "search_episode": [
    "plugin://plugin.video.vstream/?site=pastebin&function=showMovies&siteUrl=pastebin%26sMedia%3dserie%26bSilent%3dTrue%26sSearch%3d{showname}",
    { "dialog": "auto" }
  ],

  "make_playlist": "true",

  "fallback": {
    "play_movie": "Pastebin.json search_movie",
    "play_episode": "Pastebin.json search_episode",
    "search_movie": "Notification.json play_movie",
    "search_episode": "Notification.json play_episode"
  }
}












