{
  "name": "Animes",
  "plugin": "plugin.video.vstream",
  "priority": 200,
  "is_resolvable": "true",
  "assert": {
    "play_episode": ["tmdb", "showname", "season", "episode"],
    "search_episode": ["showname"]
  },

  "play_episode": [
    "plugin://plugin.video.vstream/?sTmdbId={tmdb}&sSeason={season}&sEpisode={episode}&site=pastebin&function=showHosters&sMovieTitle={showname}&sCat=8&siteUrl=pastebin%26sMedia%3danime%26idTMDB%3d{tmdb}%26sTitle%3d{showname}%26sSaison%3d{season}%26sEpisode%3d{episode}",
    { "dialog": "auto" }
  ],

  "search_episode": [
    "plugin://plugin.video.vstream/?site=pastebin&function=showMovies&siteUrl=pastebin%26sMedia%3danime%26bSilent%3dTrue%26sSearch%3d{showname}",
    { "dialog": "true" }
  ],

  "make_playlist": "true",

  "fallback": {
    "play_movie": "Animes.json search_movie",
    "play_episode": "Animes.json search_episode"
  }
}
