{
  "name": "Pastebin",
  "plugin": "plugin.video.vstream",
  "priority": 100,
  "is_resolvable": "true",
  "assert": {
    "play_movie": ["tmdb", "title"],
    "play_episode": ["tmdb", "showname", "season", "episode"],
    "search_movie": ["title"],
    "search_episode": ["showname"]
  },

  "play_movie": [
    "plugin://plugin.video.vstream/?site=pastebin&function=showHosters&sMovieTitle={title_url}&sThumb={poster_url}&siteUrl=pastebin%26sMedia%3dfilm%26idTMDB%3d{tmdb}%26sTitle%3d{title_url}",
    { "dialog": "auto" }
  ],

  "play_episode": [
    "plugin://plugin.video.vstream/?site=pastebin&function=showHosters&sMovieTitle={title_url}&sCat=5&siteUrl=pastebin%26sMedia%3dserie%26idTMDB%3d{tmdb}%26sTitle%3d{title_url}%26sSaison%3d{season}%26sEpisode%3d{episode}",
    { "dialog": "auto" }
  ],

  "search_movie": [
    "plugin://plugin.video.vstream/?site=pastebin&function=showMovies&siteUrl=pastebin%26sMedia%3dfilm%26bSilent%3dTrue%26sSearch%3d{title}",
    { "dialog": "true" }
  ],

  "search_episode": [
    "plugin://plugin.video.vstream/?site=pastebin&function=showMovies&siteUrl=pastebin%26sMedia%3dserie%26bSilent%3dTrue%26sSearch%3d{showname}",
    { "dialog": "true" }
  ],

  "make_playlist": "true",

  "fallback": {
    "play_movie": "Pastebin.json search_movie",
    "play_episode": "Pastebin.json search_episode"
  }
}
