{
    "name": "Pastebin",
    "plugin": "plugin.video.vstream",
    "priority": 100,
    "assert": {
        "play_movie": [
            "title",
            "year"
        ],
        "play_episode": [
            "showname",
            "season",
            "episode"
        ],
        "search_movie": [
            "title"
        ],
        "search_episode": [
            "showname"
        ]
    },
    "is_resolvable": "true",
    "make_playlist": "true",
    "play_movie": [
        "plugin://plugin.video.vstream/?site=pastebin&function=showSearch&title=Recherche&siteUrl=https%3A%2F%2Fpastebin.com%2Fraw%2F%26sMedia%3Dfilm%26sSearch%3D&bSilent=True&sFav=showSearch",
        {
            "keyboard": "{title}"
        },
        {
            "title": "(?i)^(\\[.*\\])?.*{title}.*(\\[.*\\])?$",
            "year": "{year}"
        },
        {
            "dialog": "true"
        }
    ],
    "play_episode": [
        "plugin://plugin.video.vstream/?site=pastebin&function=showSearch&title=Recherche&siteUrl=https%3A%2F%2Fpastebin.com%2Fraw%2F%26sMedia%3Dserie%26sSearch%3D&bSilent=True&sFav=showSearch",
        {
            "keyboard": "{showname}"
        },
        {
            "title": "(?i)^(\\[.*\\])?{showname}(\\[.*\\])?$"
        },
        {
            "return": "true",
            "season": "^{season}$",
            "episode": "^{episode}$"
        },
        {
            "season": "^{season}$"
        },
        {
            "season": "^{season}$",
            "episode": "^{episode}$"
        },
        {
            "dialog": "true"
        }
    ],
    "search_movie": [
        "plugin://plugin.video.vstream/?site=pastebin&function=showSearch&title=Recherche&siteUrl=https%3A%2F%2Fpastebin.com%2Fraw%2F%26sMedia%3Dfilm%26sSearch%3D&bSilent=True&sFav=showSearch",
        {
            "keyboard": "{title}"
        }
    ],
    "search_episode": [
        "plugin://plugin.video.vstream/?site=pastebin&function=showSearch&title=Recherche&siteUrl=https%3A%2F%2Fpastebin.com%2Fraw%2F%26sMedia%3Dserie%26sSearch%3D&bSilent=True&sFav=showSearch",
        {
            "keyboard": "{showname}"
        }
    ],
	    "fallback": {
        "play_movie": "vStream.json search_movie",
        "play_episode": "vStream.json search_episode",
        "search_movie": "vStream.json search_movie",
        "search_episode": "vStream.json search_episode"
    }
}