{
    "name": "Pastebin",
    "plugin": "plugin.video.vstream",
    "priority": 100,
    "assert": {
        "play_movie": [
            "title",
            "year"
        ],
        "play_episode": [
            "showname",
            "season",
            "episode"
        ]
    },
    "is_resolvable": "false",
    "make_playlist": "upnext",
    "play_movie": [
        "plugin://plugin.video.vstream/?site=pastebin&function=showMovies&siteUrl=pastebin%26sMedia%3dfilm%26bSilent%3dTrue%26sSearch%3d{title}",
        {
            "title": "(?i)^(\\[.*\\])?.*{title}.*(\\[.*\\])?$",
            "year": "{year}"
        },
        {
            "dialog": "true"
        }
    ],
    "play_episode": [
        "plugin://plugin.video.vstream/?site=pastebin&function=showMovies&siteUrl=pastebin%26sMedia%3dserie%26bSilent%3dTrue%26sSearch%3d{showname}",
        {
            "title": "(?i)^(\\[.*\\])?{showname}(\\[.*\\])?$"
        },
        {
            "return": "true",
            "season": "^{season}$",
            "episode": "^{episode}$"
        },
        {
            "season": "^{season}$"
        },
        {
            "season": "^{season}$",
            "episode": "^{episode}$"
        },
        {
            "dialog": "true"
        }
    ],
    "fallback": {
        "play_movie": "vStream.json search_movie",
        "play_episode": "vStream.json search_episode"
    }
}