{
    "name": "Animes-vStream",
    "plugin": "plugin.video.vstream",
    "priority": 700,
    "assert": {
        "search_episode": [
            "showname"
        ]
    },
    "search_episode": [
        "plugin://plugin.video.vstream/?site=cHome&function=showSearchText&title=Rechercher&sCat=3&sFav=showSearchText",
        {
            "keyboard": "{showname}"
        },
		{
            "title": "(?i)^(\\[.*\\])?{showname}(\\[.*\\])?$"
        },
		{
            "dialog": "true"
        }
    ],
    "is_resolvable": "true",
    "make_playlist": "upnext"
}
