{
    "name": "Anime-Pastebin",
    "plugin": "plugin.video.vstream",
    "priority": 600,
    "is_resolvable": "true",
    "make_playlist": "upnext",
    "assert": {
        "play_episode": [
            "showname",
            "season",
            "episode"
        ],
        "search_episode": [
            "showname"
        ]
    },
    "play_episode": [
        "plugin://plugin.video.vstream/?site=pastebin&function=showMovies&siteUrl=pastebin%26sMedia%3danime%26bSilent%3dTrue%26sSearch%3d{showname}",
        {
            "title": "(?i)^(\\[.*\\])?{showname}(\\[.*\\])?$"
        },
        {
            "return": "true",
            "season": "^{season}$",
            "episode": "^{episode}$"
        },
        {
            "season": "^{season}$"
        },
        {
            "season": "^{season}$",
            "episode": "^{episode}$"
        }
    ],
    "search_episode": [
        "plugin://plugin.video.vstream/?site=pastebin&function=showMovies&siteUrl=pastebin%26sMedia%3danime%26bSilent%3dTrue%26sSearch%3d{showname}",
        {
            "title": "(?i)^(\\[.*\\])?{showname}(\\[.*\\])?$"
        },
        {
            "return": "true",
            "season": "^{season}$",
            "episode": "^{episode}$"
        },
        {
            "season": "^{season}$"
        },
        {
            "return": "true",
            "dialog": "true"
        }
    ],
    "fallback": {
        "play_episode": "anime-pastebin.json search_episode"
    }
}