{
    "name": "Darkiworld-S\u00e9ries",
    "plugin": "plugin.video.vstream",
    "priority": 400,
    "assert": {
        "play_episode": [
            "showname",
            "season",
            "episode"
        ],
        "search_episode": [
            "showname"
        ]
    },
    "play_episode": [
        "plugin://plugin.video.vstream/?site=darkiworld&function=showSearch&title=Rechercher&siteUrl=search%2F%25s%3Ftype%3Dseries&sFav=showSearch",
        {
            "keyboard": "{showname}"
        },
        {
            "label": "(?i)^(\\[.*\\])?{showname}(\\[.*\\])?$"
        },
        {
            "return": "true",
            "season": "^{season}$",
            "episode": "^{episode}$"
        },
        {
            "season": "^{season}$"
        },
        {
            "season": "^{season}$",
            "episode": "^{episode}$"
        }
    ],
    "search_episode": [
        "plugin://plugin.video.vstream/?site=darkiworld&function=showSearch&title=Rechercher&siteUrl=search%2F%25s%3Ftype%3Dseries&sFav=showSearch",
        {
            "keyboard": "{showname}"
        },
        {
            "label": "(?i)^(\\[.*\\])?{showname}(\\[.*\\])?$"
        },
        {
            "return": "true",
            "season": "^{season}$",
            "episode": "^{episode}$"
        },
        {
            "season": "^{season}$"
        },
        {
            "dialog": "true"
        }
    ],
    "fallback": {
        "play_episode": "darkiworld.json search_episode"
    }
}