{
    "name": "Kepliz-Films",
    "plugin": "plugin.video.vstream",
    "priority": 300,
    "is_resolvable": "true",
    "make_playlist": "false",
    "assert": {
        "play_movie": [
            "title",
            "year"
        ],
        "search_movie": [
            "title"
        ]
    },
    "play_movie": [
        "plugin://plugin.video.vstream/?site=kepliz_com&function=showSearch&title=Rechercher&siteUrl=http%3A%2F%2Fvenom%2F&sFav=showSearch",
        {
            "keyboard": "{title}"
        },
        {
            "label": "(?i)^(\\[.*\\])?.*{title}.*(\\[.*\\])?$",
            "year": "{year}"
        }
    ],
    "search_movie": [
        "plugin://plugin.video.vstream/?site=kepliz_com&function=showSearch&title=Rechercher&siteUrl=http%3A%2F%2Fvenom%2F&sFav=showSearch",
        {
            "keyboard": "{title}"
        },
        {
            "dialog": "true"
        }
    ],
    "fallback": {
        "play_movie": "kepliz.json search_movie"
    }
}