{
    "name": "Wiflix",
    "plugin": "plugin.video.vstream",
    "priority": 200,
    "assert": {
        "play_movie": [
            "title",
            "year"
        ],
        "play_episode": [
            "showname",
            "season",
            "episode"
        ],
        "search_movie": [
            "title"
        ],
        "search_episode": [
            "showname"
        ]
    },
    "play_movie": [
        "plugin://plugin.video.vstream/?site=wiflix&function=showSearch&title=Recherche+Films&siteUrl=http%3A%2F%2Ffilm&sFav=showSearch",
        {
            "keyboard": "{title}"
        },
        {
            "label": "(?i)^(\\[.*\\])?.*{title}.*(\\[.*\\])?$",
            "year": "{year}"
        }
    ],
    "play_episode": [
        "plugin://plugin.video.vstream/?site=wiflix&function=showSearch&title=Recherche+S%C3%A9ries&siteUrl=http%3A%2F%2Fserie&sFav=showSearch",
        {
            "keyboard": "{showname}"
        },
        {
            "label": "(?i)^(\\[.*\\])?{showname}(\\[.*\\])?$"
        },
        {
            "return": "true",
            "season": "^{season}$",
            "episode": "^{episode}$"
        },
        {
            "season": "^{season}$"
        },
        {
            "season": "^{season}$",
            "episode": "^{episode}$"
        }
    ],
    "search_movie": [
        "plugin://plugin.video.vstream/?site=wiflix&function=showSearch&title=Recherche+Films&siteUrl=http%3A%2F%2Ffilm&sFav=showSearch",
        {
            "keyboard": "{title}"
        },
        {
            "dialog": "true"
        }
    ],
    "search_episode": [
        "plugin://plugin.video.vstream/?site=wiflix&function=showSearch&title=Recherche+S%C3%A9ries&siteUrl=http%3A%2F%2Fserie&sFav=showSearch",
        {
            "keyboard": "{showname}"
        },
        {
            "dialog": "true"
        }
    ],
    "is_resolvable": "true",
    "make_playlist": "upnext",
    "fallback": {
        "play_movie": "wiflix.json search_movie",
        "play_episode": "wiflix.json search_episode"
    }
}