<?xml version="1.0" encoding="UTF-8" standalone="yes"?>
<addon id="plugin.video.arteplussept" name="Arte +7" version="1.4.1" provider-name="bmf, thomas-ernest">
    <!-- https://kodi.wiki/view/Addon.xml -->
    <requires>
        <import addon="xbmc.python" version="3.0.0"/>
        <import addon="script.module.xbmcswift2" version="19.0.4"/>
        <import addon="script.module.requests" version="2.22.0"/>
        <import addon="script.module.dateutil" version="2.8.1"/>
    </requires>
    <extension point="xbmc.python.pluginsource" library="addon.py">
        <provides>video</provides>
    </extension>
    <extension point="xbmc.addon.metadata" 
                xmlns:xsi="http://www.w3.org/2001/XMLSchema-instance"
                xsi:noNamespaceSchemaLocation="https://raw.githubusercontent.com/xbmc/xbmc/master/addons/xbmc.addon/metadata.xsd">
        <!-- https://github.com/xbmc/xbmc/blob/master/addons/xbmc.addon/metadata.xsd -->
        <summary lang="en_GB">Arte +7</summary>
        <description lang="fr_FR">
Regardez les vidéos de Arte +7
Pour toute demande ou reporter un problème:
https://github.com/thomas-ernest/plugin.video.arteplussept/issues
Les contributions sont les bienvenues:
https://github.com/thomas-ernest/plugin.video.arteplussept
        </description>
        <description lang="de_DE">
Sehen Sie Videos von Arte +7
Für Fehlerberichte und Verbesserungsvorschläge:
https://github.com/thomas-ernest/plugin.video.arteplussept/issues
Mithilfe ist willkommen:
https://github.com/thomas-ernest/plugin.video.arteplussept
        </description>
        <description lang="en_GB">
Watch videos from Arte +7
For feature requests / issues:
https://github.com/thomas-ernest/plugin.video.arteplussept/issues
Contributions are welcome:
https://github.com/thomas-ernest/plugin.video.arteplussept
        </description>
        <description lang="it_IT">
Guarda video da Arte +7
Per richiedere nuove funzionalità o segnalare problemi:
https://github.com/thomas-ernest/plugin.video.arteplussept/issues
Nuovi contributi sono ben accetti:
https://github.com/thomas-ernest/plugin.video.arteplussept
        </description>
        <description lang="pl_PL">
Oglądaj wideos z Arte +7
W przypadku problemów lub próśb o ulepszenie:
https://github.com/thomas-ernest/plugin.video.arteplussept/issues
Każda pomoc mile widziana:
https://github.com/thomas-ernest/plugin.video.arteplussept
        </description>
        <language>fr de en it pl</language>
        <platform>all</platform>
        <license>MIT</license>
        <website>https://www.arte.tv/fr/</website>
        <source>https://github.com/thomas-ernest/plugin.video.arteplussept</source>
        <news>
v1.4.1 (2023-10-10)
- Fix playing videos with siblings.
v1.4.0 (2023-8-14)
- Add support for content over multiple pages.
- Refactor most of the code in OO style
v1.3.1 (2023-8-12)
- Add context menu to view collection as menu instead of playlist
- Set resume point to 0 when video was fully watched. Avoid crash when playing seq of watched videos in playlist.
v1.3.0 (2023-8-6)
- Improve security with better password management
        - Stop storing password on filesystem though addon settings
- Make thomas-ernest fork official in addon.xml for visibility in wiki
- Minor fix/clean-up in translation
        </news>
        <assets>
            <icon>resources/icon.png</icon>
            <fanart>resources/fanart.jpg</fanart>
        </assets>
    </extension>
</addon>
